2021-03-12 22:46:43,com.android.settings
2021-03-12 22:46:55,com.samsung.android.lool
2021-03-12 22:49:38,com.android.settings
2021-03-12 22:49:41,com.samsung.android.lool
2021-03-12 22:49:48,com.android.systemui
2021-03-12 22:49:52,org.telegram.messenger
2021-03-12 22:50:22,com.android.settings
2021-03-12 22:50:24,com.samsung.android.lool
2021-03-12 22:51:58,com.android.settings
2021-03-12 22:52:00,com.samsung.android.lool
2021-03-12 22:52:50,org.telegram.messenger
2021-03-12 22:53:49,com.android.settings
2021-03-12 22:53:52,com.samsung.android.lool
2021-03-12 22:56:08,com.android.settings
2021-03-12 22:56:52,com.sec.android.app.myfiles
2021-03-12 23:00:10,android
2021-03-12 23:00:14,com.microsoft.office.excel
2021-03-12 23:01:24,com.sec.android.app.myfiles
2021-03-12 23:01:26,com.android.systemui
2021-03-12 23:01:37,com.android.settings
2021-03-12 23:02:14,org.telegram.messenger
2021-03-12 23:02:23,com.whatsapp
2021-03-12 23:06:18,com.android.settings
2021-03-12 23:07:24,com.google.android.packageinstaller
2021-03-12 23:07:33,com.android.settings
2021-03-12 23:08:31,com.android.chrome
2021-03-12 23:12:30,org.telegram.messenger
2021-03-12 23:14:20,com.android.chrome
2021-03-12 23:14:22,com.android.systemui
2021-03-12 23:14:34,com.sec.android.app.myfiles
2021-03-12 23:14:50,com.microsoft.office.excel
2021-03-12 23:15:04,com.sec.android.app.myfiles
2021-03-12 23:15:07,com.android.systemui
2021-03-12 23:15:13,com.sec.android.app.myfiles
2021-03-12 23:18:08,com.microsoft.office.excel
2021-03-12 23:18:40,com.sec.android.app.myfiles
2021-03-12 23:18:45,com.android.systemui
2021-03-12 23:19:00,com.android.chrome
2021-03-12 23:24:20,com.sec.android.app.myfiles
2021-03-12 23:24:31,com.microsoft.office.excel
2021-03-12 23:25:07,com.android.systemui
2021-03-12 23:25:13,org.telegram.messenger
2021-03-12 23:30:20,com.android.chrome
2021-03-12 23:31:32,com.android.systemui
2021-03-12 23:31:51,com.allfootball.news
2021-03-12 23:32:29,com.android.systemui
2021-03-12 23:32:30,com.android.chrome
2021-03-12 23:32:58,com.android.systemui
2021-03-12 23:33:00,com.allfootball.news
2021-03-12 23:33:13,com.android.systemui
2021-03-12 23:33:25,com.sec.android.app.myfiles
2021-03-12 23:33:37,com.android.systemui
2021-03-12 23:33:44,com.whatsapp
2021-03-12 23:34:14,com.sec.android.app.myfiles
2021-03-12 23:34:18,com.microsoft.office.excel
2021-03-12 23:34:58,com.android.systemui
2021-03-12 23:35:11,com.android.chrome
2021-03-12 23:39:53,com.whatsapp
2021-03-12 23:41:32,com.android.chrome
2021-03-12 23:42:15,com.whatsapp
2021-03-12 23:42:23,com.android.settings
2021-03-13 06:58:24,com.whatsapp
2021-03-13 07:03:19,org.telegram.messenger
2021-03-13 07:04:22,com.android.settings
2021-03-13 07:04:45,com.google.android.googlequicksearchbox
2021-03-13 07:11:39,com.whatsapp
2021-03-13 07:12:15,com.google.android.googlequicksearchbox
2021-03-13 07:12:26,com.android.chrome
2021-03-13 07:13:50,com.whatsapp
2021-03-13 07:14:19,com.android.chrome
2021-03-13 07:15:19,com.whatsapp
2021-03-13 07:15:39,com.android.chrome
2021-03-13 07:16:41,com.google.android.googlequicksearchbox
2021-03-13 07:17:33,com.android.chrome
2021-03-13 08:23:09,com.whatsapp
2021-03-13 08:23:30,com.google.android.youtube
2021-03-13 10:00:45,com.whatsapp
2021-03-13 10:22:11,com.calea.echo
2021-03-13 10:22:31,com.whatsapp
2021-03-13 10:34:39,com.calea.echo
2021-03-13 10:34:47,com.twitter.android
2021-03-13 10:35:48,com.whatsapp
2021-03-13 10:36:05,com.twitter.android
2021-03-13 11:28:24,com.whatsapp
2021-03-13 11:30:18,com.whatsapp
2021-03-13 11:34:59,com.whatsapp
2021-03-13 11:36:15,com.google.android.youtube
2021-03-13 11:45:57,com.whatsapp
2021-03-13 11:46:15,com.google.android.youtube
2021-03-13 11:47:06,com.whatsapp
2021-03-13 11:47:48,com.google.android.youtube
2021-03-13 11:50:46,com.musixmatch.android.lyrify
2021-03-13 12:12:47,com.whatsapp
2021-03-13 12:16:58,com.musixmatch.android.lyrify
2021-03-13 12:38:47,com.whatsapp
2021-03-13 12:43:28,com.whatsapp
2021-03-13 12:45:47,com.whatsapp
2021-03-13 13:06:35,com.musixmatch.android.lyrify
2021-03-13 13:35:59,com.whatsapp
2021-03-13 13:52:40,com.whatsapp
2021-03-13 13:53:16,com.sec.android.app.sbrowser
2021-03-13 13:53:41,com.whatsapp
2021-03-13 14:12:24,com.calea.echo
2021-03-13 14:12:32,com.whatsapp
2021-03-13 14:37:38,com.whatsapp
2021-03-13 14:46:27,com.whatsapp
2021-03-13 15:23:04,com.whatsapp
2021-03-13 15:24:33,com.whatsapp
2021-03-13 15:33:21,com.whatsapp.w4b
2021-03-13 15:33:26,com.whatsapp.w4b
2021-03-13 15:33:32,com.whatsapp
2021-03-13 15:41:04,com.whatsapp
2021-03-13 15:43:43,com.android.settings
2021-03-13 16:02:45,com.whatsapp
2021-03-13 16:05:06,com.whatsapp
2021-03-13 16:15:13,com.android.chrome
2021-03-13 16:18:50,com.whatsapp
2021-03-13 16:19:20,com.allfootball.news
2021-03-13 16:21:40,com.whatsapp
2021-03-13 16:40:37,com.whatsapp
2021-03-13 16:44:17,com.whatsapp.w4b
2021-03-13 16:45:02,com.whatsapp
2021-03-13 16:55:52,com.whatsapp
2021-03-13 17:03:03,com.whatsapp.w4b
2021-03-13 17:03:12,com.whatsapp
2021-03-13 17:03:37,com.allfootball.news
2021-03-13 17:06:50,com.whatsapp
2021-03-13 17:09:02,com.twitter.android
2021-03-13 17:19:49,com.whatsapp
2021-03-13 17:47:44,com.whatsapp
2021-03-13 17:52:49,com.whatsapp
2021-03-13 18:16:51,com.whatsapp
2021-03-13 18:16:58,com.whatsapp.w4b
2021-03-13 18:17:21,com.allfootball.news
2021-03-13 18:17:26,com.android.chrome
2021-03-13 18:22:20,com.whatsapp
2021-03-13 18:26:22,com.allfootball.news
2021-03-13 18:27:18,com.android.systemui
2021-03-13 18:27:21,com.android.chrome
2021-03-13 18:28:14,com.google.android.googlequicksearchbox
2021-03-13 18:31:15,com.whatsapp
2021-03-13 18:32:02,com.android.chrome
2021-03-13 18:34:04,com.whatsapp
2021-03-13 18:34:30,com.google.android.googlequicksearchbox
2021-03-13 18:34:52,com.whatsapp
2021-03-13 18:37:13,org.telegram.messenger
2021-03-13 18:37:34,com.whatsapp
2021-03-13 18:40:36,com.whatsapp.w4b
2021-03-13 18:40:47,com.whatsapp
2021-03-13 18:45:20,com.twitter.android
2021-03-13 18:55:50,com.whatsapp
2021-03-13 18:56:58,com.allfootball.news
2021-03-13 19:06:16,com.whatsapp.w4b
2021-03-13 19:06:19,com.whatsapp
2021-03-13 19:08:14,com.samsung.android.incallui
2021-03-13 19:11:18,com.whatsapp
2021-03-13 19:11:59,com.whatsapp
2021-03-13 19:24:13,com.whatsapp
2021-03-13 19:24:18,com.samsung.android.contacts
2021-03-13 19:24:27,com.whatsapp.w4b
2021-03-13 19:24:32,org.telegram.messenger
2021-03-13 19:24:46,com.inkitt.android.hermione
2021-03-13 19:26:59,com.whatsapp
2021-03-13 19:27:27,com.inkitt.android.hermione
2021-03-13 19:28:06,com.whatsapp
2021-03-13 19:28:15,com.inkitt.android.hermione
2021-03-13 19:35:31,com.whatsapp
2021-03-13 19:39:35,com.whatsapp
2021-03-13 19:39:38,com.whatsapp.w4b
2021-03-13 19:40:13,com.whatsapp.w4b
2021-03-13 19:40:30,com.whatsapp
2021-03-13 19:42:49,com.whatsapp.w4b
2021-03-13 19:43:04,com.whatsapp
2021-03-13 19:43:08,com.whatsapp.w4b
2021-03-13 19:43:34,com.whatsapp
2021-03-13 19:44:39,com.whatsapp.w4b
2021-03-13 19:45:10,com.whatsapp
2021-03-13 19:46:28,com.samsung.android.contacts
2021-03-13 19:46:46,com.whatsapp
2021-03-13 19:46:47,com.samsung.android.contacts
2021-03-13 19:46:53,com.whatsapp
2021-03-13 19:47:11,com.whatsapp.w4b
2021-03-13 19:47:27,com.whatsapp
2021-03-13 19:49:47,com.whatsapp.w4b
2021-03-13 19:49:57,com.whatsapp
2021-03-13 19:50:39,com.whatsapp
2021-03-13 19:51:29,com.whatsapp
2021-03-13 19:52:24,com.whatsapp.w4b
2021-03-13 19:54:10,com.whatsapp
2021-03-13 20:00:16,com.whatsapp
2021-03-13 20:00:19,com.whatsapp.w4b
2021-03-13 20:02:27,com.whatsapp
2021-03-13 20:12:29,com.whatsapp.w4b
2021-03-13 20:13:57,com.whatsapp
2021-03-13 20:18:49,com.whatsapp.w4b
2021-03-13 20:22:07,com.whatsapp
2021-03-13 20:35:07,com.allfootball.news
2021-03-13 20:35:34,com.whatsapp
2021-03-13 20:37:45,com.allfootball.news
2021-03-13 20:53:22,com.whatsapp
2021-03-13 20:56:33,com.allfootball.news
2021-03-13 21:05:58,com.whatsapp
2021-03-13 21:12:57,org.telegram.messenger
2021-03-13 21:14:56,com.whatsapp
2021-03-13 21:15:24,org.telegram.messenger
2021-03-13 21:30:23,com.whatsapp.w4b
2021-03-13 21:30:31,com.whatsapp
2021-03-13 21:31:13,com.sirma.mobile.bible.android
2021-03-13 21:33:39,org.telegram.messenger
2021-03-13 21:34:39,com.sirma.mobile.bible.android
2021-03-13 21:35:24,org.telegram.messenger
2021-03-13 21:39:17,com.whatsapp
2021-03-13 21:41:21,org.telegram.messenger
2021-03-13 21:43:06,com.whatsapp
2021-03-13 21:46:24,org.telegram.messenger
2021-03-13 21:47:40,com.whatsapp
2021-03-13 21:51:24,org.telegram.messenger
2021-03-13 21:52:02,com.whatsapp
2021-03-13 21:55:53,org.telegram.messenger
2021-03-13 21:57:46,com.whatsapp
2021-03-13 22:01:01,org.telegram.messenger
2021-03-13 22:02:23,com.whatsapp
2021-03-13 22:03:17,com.whatsapp
2021-03-13 22:03:20,com.whatsapp.w4b
2021-03-13 22:05:03,com.whatsapp
2021-03-13 22:14:26,com.sec.android.app.popupcalculator
2021-03-13 22:36:24,com.sec.android.app.sbrowser
2021-03-13 22:46:58,org.telegram.messenger
2021-03-13 23:02:37,com.google.android.gm
2021-03-13 23:03:10,org.telegram.messenger
2021-03-13 23:03:15,com.google.android.gm
2021-03-13 23:06:18,org.telegram.messenger
2021-03-13 23:18:39,com.google.android.gm
2021-03-13 23:27:04,org.telegram.messenger
2021-03-13 23:32:41,com.whatsapp.w4b
2021-03-13 23:32:45,com.whatsapp
2021-03-13 23:48:22,com.whatsapp
2021-03-14 00:01:11,org.telegram.messenger
2021-03-14 00:02:06,com.android.chrome
2021-03-14 00:04:43,com.android.systemui
2021-03-14 00:33:10,org.telegram.messenger
2021-03-14 00:33:14,com.whatsapp
2021-03-14 00:49:23,com.android.settings
2021-03-14 01:09:12,com.whatsapp
2021-03-14 01:15:04,com.allfootball.news
2021-03-14 01:30:03,com.whatsapp
2021-03-14 07:06:10,org.telegram.messenger
2021-03-14 07:18:51,com.whatsapp
2021-03-14 07:19:01,com.whatsapp.w4b
2021-03-14 07:19:24,com.inkitt.android.hermione
2021-03-14 07:51:46,com.whatsapp
2021-03-14 07:52:16,com.inkitt.android.hermione
2021-03-14 07:53:07,com.whatsapp
2021-03-14 07:53:24,com.inkitt.android.hermione
2021-03-14 07:54:32,com.whatsapp
2021-03-14 07:55:02,com.inkitt.android.hermione
2021-03-14 07:55:44,com.whatsapp
2021-03-14 07:56:04,com.inkitt.android.hermione
2021-03-14 07:59:16,com.whatsapp
2021-03-14 07:59:45,com.inkitt.android.hermione
2021-03-14 08:46:39,com.whatsapp
2021-03-14 08:46:44,com.android.chrome
2021-03-14 09:23:44,com.twitter.android
2021-03-14 09:28:22,com.whatsapp
2021-03-14 09:31:10,com.twitter.android
2021-03-14 09:31:44,com.whatsapp
2021-03-14 09:35:42,com.twitter.android
2021-03-14 09:36:14,com.google.android.youtube
2021-03-14 10:37:45,com.twitter.android
2021-03-14 11:26:52,com.whatsapp
2021-03-14 11:37:39,com.twitter.android
2021-03-14 11:50:22,com.inkitt.android.hermione
2021-03-14 12:06:21,com.whatsapp
2021-03-14 12:09:39,com.whatsapp
2021-03-14 12:11:11,com.samsung.android.lool
2021-03-14 12:11:14,com.whatsapp
2021-03-14 12:11:20,com.whatsapp.w4b
2021-03-14 12:11:36,com.allfootball.news
2021-03-14 12:13:33,org.telegram.messenger
2021-03-14 12:16:16,com.inkitt.android.hermione
2021-03-14 12:16:57,com.whatsapp
2021-03-14 12:20:22,com.inkitt.android.hermione
2021-03-14 12:20:31,com.whatsapp
2021-03-14 12:20:59,com.inkitt.android.hermione
2021-03-14 12:28:27,org.telegram.messenger
2021-03-14 12:30:41,com.inkitt.android.hermione
2021-03-14 12:33:26,org.telegram.messenger
2021-03-14 12:37:15,com.inkitt.android.hermione
2021-03-14 12:44:50,org.telegram.messenger
2021-03-14 12:45:35,com.inkitt.android.hermione
2021-03-14 13:41:32,org.telegram.messenger
2021-03-14 13:42:54,com.whatsapp
2021-03-14 13:48:14,com.whatsapp
2021-03-14 13:52:07,com.whatsapp
2021-03-14 13:52:11,com.whatsapp.w4b
2021-03-14 13:55:22,org.telegram.messenger
2021-03-14 13:57:53,com.whatsapp
2021-03-14 13:58:56,com.whatsapp
2021-03-14 14:02:47,org.telegram.messenger
2021-03-14 14:04:18,org.telegram.messenger
2021-03-14 14:10:11,org.telegram.messenger
2021-03-14 14:12:11,com.whatsapp
2021-03-14 14:16:27,com.whatsapp
2021-03-14 14:20:01,org.telegram.messenger
2021-03-14 14:26:17,com.whatsapp
2021-03-14 14:30:36,com.whatsapp
2021-03-14 14:41:22,org.telegram.messenger
2021-03-14 14:49:22,com.android.systemui
2021-03-14 14:56:02,com.whatsapp
2021-03-14 15:01:47,org.telegram.messenger
2021-03-14 15:02:28,com.whatsapp
2021-03-14 15:07:10,com.whatsapp
2021-03-14 15:09:20,com.whatsapp
2021-03-14 15:13:10,com.whatsapp
2021-03-14 15:14:25,com.whatsapp
2021-03-14 15:18:41,org.telegram.messenger
2021-03-14 15:23:17,org.telegram.messenger
2021-03-14 15:30:47,com.whatsapp
2021-03-14 15:30:53,com.allfootball.news
2021-03-14 15:33:37,org.telegram.messenger
2021-03-14 15:35:41,com.allfootball.news
2021-03-14 15:36:14,com.whatsapp
2021-03-14 15:58:02,com.whatsapp
2021-03-14 15:59:46,com.whatsapp
2021-03-14 16:14:19,com.whatsapp
2021-03-14 16:15:18,org.telegram.messenger
2021-03-14 16:17:18,com.whatsapp
2021-03-14 16:21:57,com.whatsapp
2021-03-14 16:24:30,com.whatsapp
2021-03-14 16:29:10,org.telegram.messenger
2021-03-14 16:35:50,com.whatsapp
2021-03-14 16:36:43,org.telegram.messenger
2021-03-14 16:38:16,com.whatsapp
2021-03-14 16:40:17,com.whatsapp
2021-03-14 16:46:49,com.whatsapp
2021-03-14 16:50:44,com.whatsapp.w4b
2021-03-14 16:50:49,com.whatsapp
2021-03-14 16:56:03,com.whatsapp
2021-03-14 16:57:21,com.whatsapp
2021-03-14 17:08:29,com.whatsapp
2021-03-14 17:22:08,org.telegram.messenger
2021-03-14 17:28:20,livio.pack.lang.fr_FR
2021-03-14 17:28:34,com.android.systemui
2021-03-14 17:28:35,org.telegram.messenger
2021-03-14 17:30:32,com.whatsapp
2021-03-14 17:52:57,com.whatsapp
2021-03-14 17:54:28,com.whatsapp
2021-03-14 18:13:10,com.whatsapp
2021-03-14 18:21:40,com.whatsapp
2021-03-14 18:25:50,com.whatsapp
2021-03-14 18:26:16,com.sec.android.gallery3d
2021-03-14 18:27:03,com.whatsapp
2021-03-14 18:28:10,com.whatsapp
2021-03-14 18:32:12,com.whatsapp
2021-03-14 18:56:30,com.whatsapp
2021-03-14 19:21:03,com.whatsapp
2021-03-14 19:35:05,com.google.android.googlequicksearchbox
2021-03-14 19:50:08,com.whatsapp
2021-03-14 19:50:52,com.google.android.googlequicksearchbox
2021-03-14 19:51:20,com.allfootball.news
2021-03-14 19:56:50,com.whatsapp
2021-03-14 20:06:10,com.whatsapp
2021-03-14 20:22:51,org.telegram.messenger
2021-03-14 20:31:39,com.whatsapp
2021-03-14 20:35:42,org.telegram.messenger
2021-03-14 20:39:52,com.calea.echo
2021-03-14 20:41:07,org.telegram.messenger
2021-03-14 20:41:10,org.telegram.messenger
2021-03-14 20:49:19,com.whatsapp
2021-03-14 20:52:04,org.telegram.messenger
2021-03-14 20:56:42,org.telegram.messenger
2021-03-14 21:11:31,com.flutterwave.cmfb
2021-03-14 21:13:27,org.telegram.messenger
2021-03-14 21:25:01,com.whatsapp
2021-03-14 21:28:50,org.telegram.messenger
2021-03-14 21:32:35,com.whatsapp
2021-03-14 21:40:16,com.whatsapp
2021-03-14 21:43:53,com.whatsapp
2021-03-14 21:43:59,com.whatsapp
2021-03-14 21:50:04,com.google.android.googlequicksearchbox
2021-03-14 21:55:06,com.whatsapp
2021-03-14 21:55:09,org.telegram.messenger
2021-03-14 22:16:38,org.telegram.messenger
2021-03-14 22:31:29,com.whatsapp
2021-03-14 22:34:33,org.telegram.messenger
2021-03-14 22:50:09,com.whatsapp.w4b
2021-03-14 22:50:11,org.telegram.messenger
2021-03-14 23:12:33,com.whatsapp
2021-03-14 23:32:33,org.telegram.messenger
2021-03-14 23:36:43,org.telegram.messenger
2021-03-15 00:02:57,com.google.android.googlequicksearchbox
2021-03-15 00:05:47,com.android.systemui
2021-03-15 00:05:49,com.google.android.googlequicksearchbox
2021-03-15 00:06:44,com.allfootball.news
2021-03-15 00:11:00,com.inkitt.android.hermione
2021-03-15 00:18:31,com.android.chrome
2021-03-15 00:18:38,com.android.systemui
2021-03-15 07:01:51,com.whatsapp
2021-03-15 07:04:02,org.telegram.messenger
2021-03-15 07:04:09,com.whatsapp
2021-03-15 07:05:43,com.whatsapp.w4b
2021-03-15 07:07:29,com.whatsapp
2021-03-15 07:33:17,com.whatsapp
2021-03-15 07:33:54,android
2021-03-15 07:33:57,com.microsoft.office.powerpoint
2021-03-15 07:42:00,com.android.systemui
2021-03-15 07:42:06,com.android.chrome
2021-03-15 07:42:34,com.android.systemui
2021-03-15 07:42:36,com.microsoft.office.powerpoint
2021-03-15 08:03:26,com.sec.android.app.myfiles
2021-03-15 08:15:01,android
2021-03-15 08:15:07,com.samsung.android.video
2021-03-15 08:23:48,com.whatsapp
2021-03-15 08:25:19,com.samsung.android.video
2021-03-15 08:25:38,com.sec.android.app.myfiles
2021-03-15 08:25:42,com.samsung.android.video
2021-03-15 08:34:09,com.whatsapp
2021-03-15 08:38:06,com.whatsapp
2021-03-15 08:39:44,com.sec.android.app.myfiles
2021-03-15 08:39:59,com.microsoft.office.powerpoint
2021-03-15 08:51:33,com.android.systemui
2021-03-15 08:51:42,com.android.chrome
2021-03-15 10:00:36,com.whatsapp
2021-03-15 10:03:20,com.whatsapp
2021-03-15 10:04:01,com.sec.android.app.sbrowser
2021-03-15 10:04:34,com.whatsapp
2021-03-15 10:05:46,com.nemo.vidmate
2021-03-15 10:07:13,com.whatsapp
2021-03-15 10:39:18,com.whatsapp
2021-03-15 12:04:41,com.whatsapp
2021-03-15 12:04:57,com.whatsapp.w4b
2021-03-15 12:05:28,com.whatsapp
2021-03-15 12:08:56,com.samsung.android.lool
2021-03-15 12:08:57,com.whatsapp
2021-03-15 12:09:12,com.twitter.android
2021-03-15 12:10:25,com.whatsapp
2021-03-15 12:16:29,com.twitter.android
2021-03-15 12:17:59,com.whatsapp
2021-03-15 12:23:57,com.twitter.android
2021-03-15 12:27:05,com.whatsapp.w4b
2021-03-15 12:40:50,com.whatsapp
2021-03-15 12:41:23,com.whatsapp.w4b
2021-03-15 12:44:39,com.whatsapp
2021-03-15 12:55:51,com.whatsapp.w4b
2021-03-15 12:58:23,com.whatsapp
2021-03-15 13:00:40,com.whatsapp.w4b
2021-03-15 13:07:31,com.whatsapp
2021-03-15 13:08:22,com.whatsapp.w4b
2021-03-15 13:08:56,com.whatsapp
2021-03-15 13:13:14,com.whatsapp.w4b
2021-03-15 13:13:31,com.whatsapp
2021-03-15 13:14:08,com.android.systemui
2021-03-15 13:14:08,com.whatsapp
2021-03-15 13:18:20,com.whatsapp
2021-03-15 13:19:21,com.whatsapp
2021-03-15 13:33:49,com.whatsapp.w4b
2021-03-15 13:36:12,com.whatsapp
2021-03-15 13:36:46,com.google.android.gm
2021-03-15 13:39:00,com.whatsapp
2021-03-15 13:52:27,com.google.android.gm
2021-03-15 13:52:39,com.whatsapp.w4b
2021-03-15 14:00:22,com.whatsapp
2021-03-15 14:08:40,com.whatsapp.w4b
2021-03-15 14:09:42,com.whatsapp
2021-03-15 14:25:44,com.whatsapp.w4b
2021-03-15 14:30:17,com.whatsapp
2021-03-15 15:03:34,com.whatsapp.w4b
2021-03-15 15:09:20,com.whatsapp
2021-03-15 15:35:19,com.whatsapp
2021-03-15 16:15:44,com.whatsapp
2021-03-15 16:21:04,com.sec.android.gallery3d
2021-03-15 16:22:42,com.whatsapp
2021-03-15 16:35:27,com.whatsapp
2021-03-15 16:36:54,com.whatsapp
2021-03-15 16:37:47,com.samsung.android.contacts
2021-03-15 16:38:29,com.whatsapp
2021-03-15 16:40:10,com.whatsapp
2021-03-15 16:52:53,com.whatsapp
2021-03-15 17:01:08,com.whatsapp
2021-03-15 17:52:42,com.whatsapp
2021-03-15 18:11:28,com.whatsapp
2021-03-15 18:15:09,com.google.android.gm
2021-03-15 18:15:44,com.whatsapp
2021-03-15 18:16:00,com.google.android.gm
2021-03-15 18:20:20,com.whatsapp
2021-03-15 18:25:27,com.android.chrome
2021-03-15 19:06:19,com.sec.android.app.camera
2021-03-15 19:08:27,com.sec.android.gallery3d
2021-03-15 19:08:43,com.sec.android.app.camera
2021-03-15 19:08:53,com.sec.android.gallery3d
2021-03-15 19:09:18,com.sec.android.app.camera
2021-03-15 19:09:23,com.sec.android.app.camera
2021-03-15 19:09:48,com.sec.android.gallery3d
2021-03-15 19:09:51,com.sec.android.app.camera
2021-03-15 19:10:02,com.sec.android.gallery3d
2021-03-15 19:10:13,com.sec.android.app.camera
2021-03-15 19:13:15,com.whatsapp
2021-03-15 19:13:38,com.sec.android.app.myfiles
2021-03-15 19:14:24,com.whatsapp
2021-03-15 20:23:01,com.whatsapp
2021-03-15 20:24:04,org.telegram.messenger
2021-03-15 20:24:32,com.whatsapp
2021-03-15 20:25:00,com.android.chrome
2021-03-15 20:26:21,com.whatsapp
2021-03-15 20:31:35,com.android.chrome
2021-03-15 20:31:49,com.allfootball.news
2021-03-15 20:42:46,com.android.chrome
2021-03-15 20:45:17,com.whatsapp
2021-03-15 20:47:27,com.inkitt.android.hermione
2021-03-15 20:52:00,com.whatsapp
2021-03-15 20:53:19,com.inkitt.android.hermione
2021-03-15 21:07:56,com.whatsapp
2021-03-15 22:01:09,com.inkitt.android.hermione
2021-03-15 22:01:34,com.google.android.googlequicksearchbox
2021-03-15 22:01:54,com.android.chrome
2021-03-15 22:02:54,com.whatsapp
2021-03-15 22:03:58,com.android.chrome
2021-03-15 22:04:06,com.whatsapp
2021-03-15 22:05:14,com.android.chrome
2021-03-15 22:06:49,com.whatsapp
2021-03-15 22:07:22,com.android.chrome
2021-03-15 22:07:30,com.whatsapp
2021-03-15 22:08:19,com.android.chrome
2021-03-15 22:09:30,com.whatsapp
2021-03-15 22:09:40,com.android.chrome
2021-03-15 22:10:24,com.whatsapp
2021-03-15 22:11:53,com.android.chrome
2021-03-15 22:12:11,com.whatsapp
2021-03-15 22:12:30,com.android.chrome
2021-03-15 22:15:34,com.google.android.googlequicksearchbox
2021-03-15 22:16:19,com.android.chrome
2021-03-15 22:19:22,com.google.android.googlequicksearchbox
2021-03-15 22:19:57,com.inkitt.android.hermione
2021-03-15 22:26:09,org.telegram.messenger
2021-03-15 22:26:58,com.inkitt.android.hermione
2021-03-15 22:28:25,org.telegram.messenger
2021-03-15 22:28:39,com.inkitt.android.hermione
2021-03-15 22:37:19,org.telegram.messenger
2021-03-15 22:37:27,com.android.systemui
2021-03-15 22:37:39,livio.pack.lang.fr_FR
2021-03-15 22:37:47,livio.pack.lang.en_US
2021-03-15 22:38:27,org.telegram.messenger
2021-03-15 22:39:28,com.android.chrome
2021-03-15 22:45:04,org.telegram.messenger
2021-03-15 22:46:06,com.android.chrome
2021-03-15 22:47:35,com.android.systemui
2021-03-15 22:47:37,org.telegram.messenger
2021-03-15 22:48:40,com.android.chrome
2021-03-15 23:53:03,com.calea.echo
2021-03-15 23:53:07,org.telegram.messenger
2021-03-15 23:53:42,com.android.systemui
2021-03-15 23:53:47,livio.pack.lang.en_US
2021-03-15 23:54:25,com.android.systemui
2021-03-15 23:54:27,org.telegram.messenger
2021-03-15 23:55:10,com.whatsapp.w4b
2021-03-15 23:55:21,com.android.settings
2021-03-15 23:55:39,com.whatsapp.w4b
2021-03-15 23:55:47,org.telegram.messenger
2021-03-16 00:06:11,com.whatsapp
2021-03-16 00:06:16,com.whatsapp.w4b
2021-03-16 00:06:20,org.telegram.messenger
2021-03-16 00:10:17,org.telegram.messenger
2021-03-16 00:11:35,com.android.chrome
2021-03-16 00:11:50,org.telegram.messenger
2021-03-16 00:12:20,com.android.chrome
2021-03-16 02:53:00,org.telegram.messenger
2021-03-16 04:30:23,com.whatsapp
2021-03-16 04:30:38,com.sec.android.app.myfiles
2021-03-16 07:08:24,com.whatsapp
2021-03-16 07:10:02,com.whatsapp.w4b
2021-03-16 07:12:11,com.whatsapp
2021-03-16 07:13:22,com.google.android.googlequicksearchbox
2021-03-16 07:15:38,com.twitter.android
2021-03-16 07:24:46,com.whatsapp
2021-03-16 07:25:18,com.twitter.android
2021-03-16 07:27:08,com.google.android.youtube
2021-03-16 07:38:41,com.whatsapp
2021-03-16 07:38:57,com.google.android.gm
2021-03-16 07:40:38,com.nemo.vidmate
2021-03-16 07:40:43,com.google.android.gm
2021-03-16 07:40:58,com.whatsapp
2021-03-16 07:47:18,com.whatsapp
2021-03-16 07:49:35,com.whatsapp
2021-03-16 07:54:08,com.whatsapp
2021-03-16 07:56:52,com.whatsapp.w4b
2021-03-16 07:58:54,com.whatsapp
2021-03-16 08:01:10,com.whatsapp.w4b
2021-03-16 08:16:59,com.whatsapp
2021-03-16 08:22:55,com.whatsapp
2021-03-16 08:33:47,com.whatsapp
2021-03-16 08:34:05,com.google.android.googlequicksearchbox
2021-03-16 08:34:37,com.whatsapp
2021-03-16 08:34:52,com.google.android.googlequicksearchbox
2021-03-16 08:34:58,com.android.systemui
2021-03-16 08:34:59,com.google.android.googlequicksearchbox
2021-03-16 08:35:21,com.android.chrome
2021-03-16 08:36:19,com.whatsapp
2021-03-16 08:37:38,com.android.chrome
2021-03-16 08:37:52,com.whatsapp
2021-03-16 08:38:08,com.android.chrome
2021-03-16 08:39:18,com.whatsapp
2021-03-16 08:39:36,com.android.chrome
2021-03-16 08:39:53,com.google.android.googlequicksearchbox
2021-03-16 08:40:01,com.android.chrome
2021-03-16 08:42:19,com.whatsapp
2021-03-16 08:42:34,com.android.chrome
2021-03-16 08:43:19,com.whatsapp
2021-03-16 08:43:41,com.android.chrome
2021-03-16 08:44:09,com.whatsapp
2021-03-16 08:44:18,com.android.chrome
2021-03-16 08:45:14,com.whatsapp
2021-03-16 08:45:28,com.android.chrome
2021-03-16 08:49:04,com.whatsapp
2021-03-16 08:49:16,com.android.chrome
2021-03-16 09:35:37,com.whatsapp
2021-03-16 09:56:15,com.whatsapp
2021-03-16 09:59:23,com.google.android.gm
2021-03-16 10:00:27,com.whatsapp
2021-03-16 10:01:40,com.google.android.gm
2021-03-16 10:02:02,com.whatsapp
2021-03-16 10:04:22,com.whatsapp
2021-03-16 10:04:38,com.microsoft.office.word
2021-03-16 10:04:49,com.whatsapp
2021-03-16 10:06:07,com.google.android.googlequicksearchbox
2021-03-16 10:06:31,com.whatsapp
2021-03-16 10:08:25,com.google.android.googlequicksearchbox
2021-03-16 10:10:15,com.android.chrome
2021-03-16 10:13:31,com.google.android.googlequicksearchbox
2021-03-16 10:14:06,com.android.chrome
2021-03-16 10:15:58,com.google.android.googlequicksearchbox
2021-03-16 10:18:42,com.twitter.android
2021-03-16 10:20:26,com.whatsapp
2021-03-16 10:24:57,com.google.android.apps.docs
2021-03-16 10:26:06,com.whatsapp
2021-03-16 10:27:30,com.whatsapp
2021-03-16 10:28:03,org.telegram.messenger
2021-03-16 10:34:06,com.whatsapp
2021-03-16 10:35:40,com.whatsapp
2021-03-16 10:40:00,com.whatsapp
2021-03-16 10:42:26,com.whatsapp
2021-03-16 10:46:49,com.aldiko.classic
2021-03-16 10:54:50,com.whatsapp
2021-03-16 10:55:44,com.aldiko.classic
2021-03-16 11:16:52,com.whatsapp
2021-03-16 11:23:51,com.whatsapp
2021-03-16 11:36:05,com.sec.android.app.popupcalculator
2021-03-16 11:43:55,com.sec.android.app.popupcalculator
2021-03-16 11:58:23,com.whatsapp
2021-03-16 12:05:26,com.sec.android.app.popupcalculator
2021-03-16 12:21:34,com.android.systemui
2021-03-16 12:21:36,com.sec.android.app.popupcalculator
2021-03-16 13:25:45,com.whatsapp
2021-03-16 13:45:19,com.whatsapp
2021-03-16 13:50:18,com.whatsapp
2021-03-16 13:54:20,com.whatsapp
2021-03-16 14:41:49,com.whatsapp
2021-03-16 14:56:22,com.whatsapp
2021-03-16 14:57:09,com.whatsapp.w4b
2021-03-16 14:57:47,com.whatsapp
2021-03-16 14:58:02,com.flutterwave.cmfb
2021-03-16 15:00:40,android
2021-03-16 15:00:43,com.whatsapp
2021-03-16 15:01:17,com.flutterwave.cmfb
2021-03-16 15:04:12,com.whatsapp
2021-03-16 15:04:59,com.whatsapp
2021-03-16 15:13:41,com.whatsapp.w4b
2021-03-16 15:13:51,com.whatsapp
2021-03-16 15:17:17,com.whatsapp.w4b
2021-03-16 15:17:35,com.whatsapp
2021-03-16 15:20:46,com.whatsapp
2021-03-16 15:23:03,com.whatsapp
2021-03-16 15:23:28,com.samsung.android.contacts
2021-03-16 15:23:33,com.whatsapp
2021-03-16 15:27:42,com.whatsapp.w4b
2021-03-16 15:27:46,com.whatsapp
2021-03-16 15:42:25,com.whatsapp
2021-03-16 15:55:19,com.whatsapp
2021-03-16 15:58:31,com.whatsapp
2021-03-16 16:22:39,com.whatsapp
2021-03-16 16:27:22,com.whatsapp
2021-03-16 16:31:44,com.whatsapp
2021-03-16 16:37:58,com.whatsapp
2021-03-16 16:44:08,com.android.systemui
2021-03-16 16:44:32,com.whatsapp
2021-03-16 16:45:09,com.whatsapp
2021-03-16 17:17:30,com.whatsapp
2021-03-16 17:20:09,com.whatsapp
2021-03-16 17:20:15,com.whatsapp.w4b
2021-03-16 17:23:53,com.whatsapp
2021-03-16 17:24:39,com.whatsapp
2021-03-16 17:39:07,com.whatsapp.w4b
2021-03-16 17:47:08,com.whatsapp
2021-03-16 17:47:12,com.whatsapp.w4b
2021-03-16 17:59:53,com.whatsapp
2021-03-16 18:11:11,com.whatsapp
2021-03-16 18:11:15,com.whatsapp.w4b
2021-03-16 18:13:11,com.whatsapp
2021-03-16 18:18:05,com.whatsapp
2021-03-16 18:25:04,com.google.android.googlequicksearchbox
2021-03-16 18:33:09,com.sec.android.app.popupcalculator
2021-03-16 18:47:41,com.whatsapp
2021-03-16 18:51:10,com.google.android.googlequicksearchbox
2021-03-16 18:57:16,com.whatsapp
2021-03-16 19:13:25,com.whatsapp
2021-03-16 19:35:46,com.whatsapp
2021-03-16 19:46:48,com.whatsapp
2021-03-16 19:53:26,com.whatsapp
2021-03-16 19:56:47,com.whatsapp
2021-03-16 20:14:58,com.whatsapp
2021-03-16 20:33:45,com.android.systemui
2021-03-16 20:33:47,com.whatsapp
2021-03-16 20:34:51,com.whatsapp
2021-03-16 20:44:38,com.google.android.gm
2021-03-16 20:53:26,com.flutterwave.cmfb
2021-03-16 20:55:49,com.whatsapp
2021-03-16 20:59:06,com.whatsapp
2021-03-16 21:00:53,com.whatsapp
2021-03-16 21:17:51,com.google.android.gm
2021-03-16 21:51:04,com.whatsapp
2021-03-16 22:03:47,com.google.android.gm
2021-03-16 22:04:58,com.whatsapp
2021-03-16 22:27:24,com.whatsapp
2021-03-16 22:34:33,com.allfootball.news
2021-03-16 23:00:48,org.telegram.messenger
2021-03-16 23:00:58,com.twitter.android
2021-03-16 23:33:33,com.whatsapp
2021-03-16 23:37:07,com.sirma.mobile.bible.android
2021-03-16 23:37:54,com.whatsapp
2021-03-16 23:38:02,com.whatsapp.w4b
2021-03-16 23:38:22,com.twitter.android
2021-03-16 23:42:41,com.whatsapp
2021-03-16 23:42:53,com.android.chrome
2021-03-16 23:46:14,com.android.chrome
2021-03-16 23:55:03,com.android.systemui
2021-03-16 23:55:07,com.whatsapp
2021-03-16 23:56:32,com.android.chrome
2021-03-17 03:34:35,com.whatsapp
2021-03-17 03:34:48,com.whatsapp
2021-03-17 03:35:06,com.android.systemui
2021-03-17 04:30:16,com.samsung.android.contacts
2021-03-17 06:38:27,com.whatsapp
2021-03-17 06:39:22,com.android.chrome
2021-03-17 06:39:46,com.whatsapp
2021-03-17 06:40:06,com.android.chrome
2021-03-17 06:41:34,com.whatsapp
2021-03-17 06:44:33,com.android.chrome
2021-03-17 06:44:49,com.android.systemui
2021-03-17 06:44:51,com.whatsapp
2021-03-17 06:46:52,com.whatsapp
2021-03-17 06:48:18,com.samsung.android.contacts
2021-03-17 06:48:45,com.whatsapp
2021-03-17 06:48:46,com.samsung.android.contacts
2021-03-17 06:48:51,com.whatsapp
2021-03-17 06:51:55,org.telegram.messenger
2021-03-17 06:52:11,com.google.android.googlequicksearchbox
2021-03-17 06:55:28,com.google.android.googlequicksearchbox
2021-03-17 06:56:17,com.whatsapp
2021-03-17 06:56:23,com.whatsapp.w4b
2021-03-17 06:56:38,com.google.android.googlequicksearchbox
2021-03-17 06:57:27,com.google.android.googlequicksearchbox
2021-03-17 06:57:49,com.android.chrome
2021-03-17 07:01:42,com.whatsapp
2021-03-17 07:01:55,com.android.chrome
2021-03-17 08:21:05,com.whatsapp.w4b
2021-03-17 08:21:10,com.whatsapp
2021-03-17 08:26:14,com.whatsapp
2021-03-17 08:36:04,com.google.android.gm
2021-03-17 08:37:32,com.whatsapp
2021-03-17 08:40:32,com.whatsapp
2021-03-17 08:54:39,com.whatsapp
2021-03-17 09:06:11,com.whatsapp
2021-03-17 09:51:14,com.whatsapp
2021-03-17 09:56:41,com.whatsapp
2021-03-17 10:10:18,com.whatsapp
2021-03-17 10:27:27,com.whatsapp
2021-03-17 10:34:06,com.whatsapp
2021-03-17 10:37:08,com.whatsapp
2021-03-17 10:42:10,com.whatsapp
2021-03-17 10:48:42,com.whatsapp
2021-03-17 11:00:02,com.whatsapp
2021-03-17 11:01:19,com.whatsapp
2021-03-17 11:43:39,com.whatsapp
2021-03-17 12:54:01,com.samsung.android.lool
2021-03-17 13:00:23,com.whatsapp
2021-03-17 13:05:38,com.whatsapp.w4b
2021-03-17 13:05:57,com.whatsapp
2021-03-17 13:14:11,com.whatsapp.w4b
2021-03-17 13:14:14,com.whatsapp.w4b
2021-03-17 13:32:51,com.whatsapp
2021-03-17 13:38:08,com.whatsapp
2021-03-17 13:45:59,com.whatsapp
2021-03-17 13:46:09,com.whatsapp
2021-03-17 14:06:22,com.whatsapp
2021-03-17 14:14:14,com.sec.android.app.popupcalculator
2021-03-17 14:16:20,com.whatsapp.w4b
2021-03-17 14:16:39,com.whatsapp
2021-03-17 14:24:03,com.whatsapp
2021-03-17 14:28:26,com.whatsapp
2021-03-17 14:36:39,com.whatsapp
2021-03-17 14:41:29,com.whatsapp
2021-03-17 14:42:52,com.whatsapp
2021-03-17 14:42:55,com.whatsapp.w4b
2021-03-17 14:50:35,com.whatsapp
2021-03-17 14:59:41,com.whatsapp
2021-03-17 14:59:51,math.helper
2021-03-17 15:01:13,com.android.settings
2021-03-17 15:01:31,com.google.android.googlequicksearchbox
2021-03-17 15:01:36,com.google.android.googlequicksearchbox
2021-03-17 15:01:46,com.twitter.android
2021-03-17 15:07:12,com.google.android.gm
2021-03-17 15:08:50,com.whatsapp
2021-03-17 15:29:23,com.whatsapp
2021-03-17 15:31:27,com.google.android.gm
2021-03-17 15:31:53,com.whatsapp
2021-03-17 15:56:20,com.whatsapp
2021-03-17 16:17:53,com.whatsapp
2021-03-17 16:19:35,com.whatsapp
2021-03-17 16:19:53,com.google.android.gm
2021-03-17 16:20:28,com.google.android.apps.docs
2021-03-17 16:22:05,com.google.android.gm
2021-03-17 16:22:09,com.whatsapp
2021-03-17 16:33:15,com.whatsapp.w4b
2021-03-17 16:34:47,com.whatsapp
2021-03-17 16:38:51,com.whatsapp
2021-03-17 16:40:47,com.whatsapp
2021-03-17 16:44:06,com.google.android.gm
2021-03-17 16:44:13,com.whatsapp
2021-03-17 16:45:31,com.google.android.gm
2021-03-17 16:46:01,com.whatsapp
2021-03-17 16:47:45,com.google.android.gm
2021-03-17 16:49:20,com.whatsapp
2021-03-17 16:50:14,com.whatsapp
2021-03-17 16:51:23,com.whatsapp.w4b
2021-03-17 16:52:35,com.whatsapp.w4b
2021-03-17 16:52:39,com.whatsapp
2021-03-17 16:54:29,com.whatsapp
2021-03-17 16:55:14,com.whatsapp
2021-03-17 16:58:06,com.sec.android.app.popupcalculator
2021-03-17 16:58:42,com.whatsapp
2021-03-17 17:06:09,com.whatsapp.w4b
2021-03-17 17:09:18,com.whatsapp
2021-03-17 17:14:31,com.whatsapp
2021-03-17 17:22:22,com.whatsapp
2021-03-17 17:26:51,com.whatsapp
2021-03-17 17:27:29,com.whatsapp
2021-03-17 17:27:32,com.whatsapp.w4b
2021-03-17 17:37:03,com.whatsapp
2021-03-17 17:44:53,com.whatsapp
2021-03-17 17:46:30,com.whatsapp
2021-03-17 17:49:44,com.whatsapp
2021-03-17 17:55:16,com.whatsapp
2021-03-17 18:00:33,com.whatsapp.w4b
2021-03-17 18:00:38,com.samsung.android.contacts
2021-03-17 18:17:08,com.whatsapp
2021-03-17 18:17:31,com.samsung.android.contacts
2021-03-17 18:17:36,com.google.android.gm
2021-03-17 18:18:01,com.samsung.android.contacts
2021-03-17 18:18:04,com.whatsapp
2021-03-17 18:18:23,com.samsung.android.contacts
2021-03-17 18:23:28,com.whatsapp
2021-03-17 18:23:52,com.whatsapp
2021-03-17 18:29:05,com.flutterwave.cmfb
2021-03-17 18:30:53,com.android.systemui
2021-03-17 18:32:38,com.whatsapp.w4b
2021-03-17 18:34:02,com.sec.android.app.myfiles
2021-03-17 18:34:14,com.google.android.googlequicksearchbox
2021-03-17 18:38:42,com.whatsapp
2021-03-17 18:48:29,com.whatsapp.w4b
2021-03-17 18:50:16,com.whatsapp
2021-03-17 18:51:16,com.whatsapp.w4b
2021-03-17 18:51:21,com.whatsapp
2021-03-17 18:56:25,com.whatsapp
2021-03-17 18:56:39,com.whatsapp.w4b
2021-03-17 18:57:19,com.whatsapp
2021-03-17 19:00:00,com.whatsapp
2021-03-17 19:03:00,com.whatsapp.w4b
2021-03-17 19:04:11,com.whatsapp
2021-03-17 19:12:13,com.whatsapp
2021-03-17 19:14:13,com.whatsapp.w4b
2021-03-17 19:16:46,com.whatsapp
2021-03-17 19:20:45,com.whatsapp
2021-03-17 19:23:43,com.twitter.android
2021-03-17 19:24:26,com.whatsapp
2021-03-17 19:25:40,com.twitter.android
2021-03-17 19:31:02,com.whatsapp
2021-03-17 19:43:10,com.twitter.android
2021-03-17 19:43:47,com.whatsapp
2021-03-17 19:45:06,com.whatsapp
2021-03-17 19:45:46,com.whatsapp
2021-03-17 19:48:36,com.whatsapp
2021-03-17 20:14:32,com.whatsapp
2021-03-17 20:23:55,com.android.systemui
2021-03-17 20:23:58,com.whatsapp.w4b
2021-03-17 20:25:50,com.android.systemui
2021-03-17 20:25:51,com.whatsapp
2021-03-17 20:37:38,com.google.android.gm
2021-03-17 20:38:04,com.whatsapp
2021-03-17 20:39:01,com.sec.android.app.camera
2021-03-17 20:40:21,com.whatsapp
2021-03-17 20:49:23,com.whatsapp.w4b
2021-03-17 20:49:31,com.whatsapp
2021-03-17 20:53:41,org.telegram.messenger
2021-03-17 20:54:21,com.android.chrome
2021-03-17 20:56:02,com.whatsapp
2021-03-17 20:58:30,com.android.chrome
2021-03-17 20:59:59,com.samsung.android.contacts
2021-03-17 21:00:04,com.whatsapp
2021-03-17 21:06:34,com.whatsapp
2021-03-17 21:08:01,com.whatsapp.w4b
2021-03-17 21:08:06,com.whatsapp
2021-03-17 21:13:49,com.whatsapp
2021-03-17 21:14:01,com.whatsapp.w4b
2021-03-17 21:24:24,com.whatsapp
2021-03-17 21:31:17,com.whatsapp
2021-03-17 21:31:39,com.android.chrome
2021-03-17 21:32:06,com.whatsapp
2021-03-17 21:32:25,com.android.chrome
2021-03-17 21:32:41,com.whatsapp
2021-03-17 21:32:51,com.android.chrome
2021-03-17 21:33:02,com.whatsapp
2021-03-17 21:33:35,com.android.chrome
2021-03-17 21:34:06,com.whatsapp
2021-03-17 21:35:15,com.android.chrome
2021-03-17 21:35:50,com.whatsapp
2021-03-17 21:36:18,com.android.chrome
2021-03-17 21:36:39,com.whatsapp
2021-03-17 21:37:06,com.android.chrome
2021-03-17 21:37:18,com.whatsapp
2021-03-17 21:37:35,com.android.chrome
2021-03-17 21:38:05,com.whatsapp
2021-03-17 21:38:44,com.android.chrome
2021-03-17 21:39:09,com.whatsapp
2021-03-17 21:40:23,com.android.chrome
2021-03-17 21:41:15,com.whatsapp
2021-03-17 21:41:48,com.android.chrome
2021-03-17 21:42:46,com.whatsapp
2021-03-17 21:43:25,com.android.chrome
2021-03-17 21:44:56,com.whatsapp
2021-03-17 21:45:09,com.android.chrome
2021-03-17 21:45:34,com.whatsapp
2021-03-17 21:46:45,com.android.chrome
2021-03-17 21:46:55,com.whatsapp.w4b
2021-03-17 21:47:11,com.android.chrome
2021-03-17 21:47:20,com.whatsapp
2021-03-17 21:50:31,com.android.chrome
2021-03-17 21:51:08,com.whatsapp.w4b
2021-03-17 21:51:29,com.android.chrome
2021-03-17 21:51:35,com.whatsapp
2021-03-17 21:52:17,com.whatsapp.w4b
2021-03-17 21:52:59,com.whatsapp
2021-03-17 21:57:39,com.android.chrome
2021-03-17 21:58:46,com.whatsapp
2021-03-17 22:00:49,com.android.chrome
2021-03-17 22:01:57,com.whatsapp
2021-03-17 22:02:53,com.android.chrome
2021-03-17 22:03:25,com.whatsapp
2021-03-17 22:03:37,com.android.chrome
2021-03-17 22:04:02,com.whatsapp
2021-03-17 22:05:39,com.android.chrome
2021-03-17 22:06:30,com.whatsapp
2021-03-17 22:08:58,com.android.chrome
2021-03-17 22:10:03,com.whatsapp
2021-03-17 22:10:26,com.android.chrome
2021-03-17 22:10:44,com.whatsapp
2021-03-17 22:12:24,com.android.chrome
2021-03-17 22:15:18,com.whatsapp
2021-03-17 22:15:40,com.android.chrome
2021-03-17 22:17:27,com.whatsapp
2021-03-17 22:18:56,com.android.chrome
2021-03-17 22:19:49,com.whatsapp
2021-03-17 22:20:24,com.android.chrome
2021-03-17 22:21:12,com.whatsapp
2021-03-17 22:22:09,com.android.chrome
2021-03-17 22:22:49,com.whatsapp
2021-03-17 22:23:13,com.android.chrome
2021-03-17 22:24:20,com.whatsapp
2021-03-17 22:24:39,com.android.chrome
2021-03-17 22:25:44,com.whatsapp
2021-03-17 22:26:14,com.android.chrome
2021-03-17 22:26:56,com.whatsapp
2021-03-17 22:27:32,com.android.chrome
2021-03-17 22:29:03,com.whatsapp.w4b
2021-03-17 22:29:38,com.android.chrome
2021-03-17 22:30:01,com.whatsapp
2021-03-17 22:30:53,com.android.chrome
2021-03-17 22:31:26,com.whatsapp
2021-03-17 22:31:57,com.android.chrome
2021-03-17 22:33:26,com.whatsapp
2021-03-17 22:33:48,com.android.chrome
2021-03-17 22:34:25,com.whatsapp
2021-03-17 22:35:05,com.android.chrome
2021-03-17 22:35:50,com.whatsapp
2021-03-17 22:36:25,com.android.chrome
2021-03-17 22:36:54,com.whatsapp
2021-03-17 22:37:33,com.android.chrome
2021-03-17 22:38:48,com.whatsapp
2021-03-17 22:39:22,com.android.chrome
2021-03-17 22:40:02,com.whatsapp
2021-03-17 22:40:19,com.android.chrome
2021-03-17 22:40:45,com.whatsapp
2021-03-17 22:41:08,com.android.chrome
2021-03-17 22:41:23,com.whatsapp
2021-03-17 22:41:41,com.android.chrome
2021-03-17 22:43:13,com.whatsapp
2021-03-17 22:43:28,com.android.chrome
2021-03-17 22:44:34,com.whatsapp
2021-03-17 22:44:53,com.android.chrome
2021-03-17 22:45:25,com.whatsapp
2021-03-17 22:46:11,com.android.chrome
2021-03-17 22:46:54,com.whatsapp
2021-03-17 22:47:07,com.whatsapp.w4b
2021-03-17 22:47:51,com.whatsapp
2021-03-17 22:48:04,com.whatsapp.w4b
2021-03-17 22:52:42,com.whatsapp
2021-03-17 22:53:09,com.android.chrome
2021-03-17 22:53:25,com.whatsapp
2021-03-17 22:55:01,com.android.chrome
2021-03-17 22:55:50,com.whatsapp
2021-03-17 22:56:22,com.android.chrome
2021-03-17 22:56:52,com.whatsapp
2021-03-17 22:57:11,com.android.chrome
2021-03-17 22:57:39,com.whatsapp
2021-03-17 22:57:55,com.android.chrome
2021-03-17 22:59:05,com.whatsapp
2021-03-17 22:59:28,com.android.chrome
2021-03-17 23:00:05,com.whatsapp
2021-03-17 23:00:15,com.android.chrome
2021-03-17 23:01:02,com.whatsapp
2021-03-17 23:01:32,com.android.chrome
2021-03-17 23:02:16,com.whatsapp
2021-03-17 23:02:33,com.android.chrome
2021-03-17 23:02:50,com.whatsapp
2021-03-17 23:03:38,com.android.chrome
2021-03-17 23:18:30,com.android.systemui
2021-03-17 23:18:32,com.android.chrome
2021-03-17 23:21:43,com.android.systemui
2021-03-17 23:31:02,com.android.chrome
2021-03-17 23:31:38,com.twitter.android
2021-03-18 06:32:06,com.whatsapp.w4b
2021-03-18 06:33:15,com.whatsapp
2021-03-18 06:37:38,com.google.android.googlequicksearchbox
2021-03-18 06:39:11,com.android.chrome
2021-03-18 06:43:17,com.google.android.googlequicksearchbox
2021-03-18 06:44:35,com.inkitt.android.hermione
2021-03-18 06:51:05,com.whatsapp
2021-03-18 06:51:30,com.inkitt.android.hermione
2021-03-18 06:51:53,com.whatsapp
2021-03-18 06:52:12,com.inkitt.android.hermione
2021-03-18 06:52:41,com.whatsapp.w4b
2021-03-18 06:53:05,com.inkitt.android.hermione
2021-03-18 06:55:03,com.whatsapp
2021-03-18 06:55:20,com.inkitt.android.hermione
2021-03-18 07:07:55,com.sec.android.app.myfiles
2021-03-18 07:09:03,com.whatsapp.w4b
2021-03-18 07:09:34,com.google.android.apps.docs
2021-03-18 07:25:07,com.whatsapp
2021-03-18 07:28:37,com.google.android.apps.docs
2021-03-18 08:02:31,com.whatsapp
2021-03-18 08:04:59,com.whatsapp.w4b
2021-03-18 08:05:43,com.android.chrome
2021-03-18 09:01:25,com.whatsapp
2021-03-18 09:01:33,org.telegram.messenger
2021-03-18 09:15:17,com.whatsapp
2021-03-18 09:21:33,org.telegram.messenger
2021-03-18 09:22:39,com.whatsapp
2021-03-18 09:22:42,com.whatsapp.w4b
2021-03-18 09:29:14,com.whatsapp
2021-03-18 09:33:08,org.telegram.messenger
2021-03-18 09:43:19,com.whatsapp.w4b
2021-03-18 09:43:44,com.whatsapp.w4b
2021-03-18 09:53:25,com.whatsapp
2021-03-18 10:12:00,org.telegram.messenger
2021-03-18 10:32:00,com.whatsapp
2021-03-18 10:50:16,com.whatsapp
2021-03-18 10:52:57,com.whatsapp
2021-03-18 10:53:44,com.samsung.android.contacts
2021-03-18 10:53:50,com.android.phone
2021-03-18 10:54:06,com.samsung.android.contacts
2021-03-18 11:03:59,com.android.settings
2021-03-18 11:04:15,com.android.phone
2021-03-18 11:04:23,com.android.settings
2021-03-18 11:04:26,com.android.phone
2021-03-18 11:04:28,com.android.settings
2021-03-18 11:04:40,com.calea.echo
2021-03-18 11:08:11,com.samsung.android.contacts
2021-03-18 11:08:15,com.android.phone
2021-03-18 11:08:53,com.samsung.android.contacts
2021-03-18 11:09:10,com.android.phone
2021-03-18 11:09:13,com.samsung.android.contacts
2021-03-18 11:11:52,com.samsung.android.contacts
2021-03-18 11:11:58,com.whatsapp
2021-03-18 11:12:03,com.samsung.android.contacts
2021-03-18 11:12:09,com.android.phone
2021-03-18 11:13:03,com.samsung.android.contacts
2021-03-18 11:13:30,com.samsung.android.contacts
2021-03-18 11:13:56,com.android.phone
2021-03-18 11:14:14,com.samsung.android.contacts
2021-03-18 11:14:22,com.wsomacp
2021-03-18 11:14:25,com.samsung.android.contacts
2021-03-18 11:15:24,com.calea.echo
2021-03-18 11:15:38,com.samsung.android.contacts
2021-03-18 11:15:44,com.android.phone
2021-03-18 11:16:19,com.samsung.android.contacts
2021-03-18 11:17:14,com.android.phone
2021-03-18 11:17:16,com.samsung.android.contacts
2021-03-18 11:17:21,com.calea.echo
2021-03-18 11:17:42,com.samsung.android.contacts
2021-03-18 11:17:56,com.google.android.gm
2021-03-18 11:18:37,com.whatsapp
2021-03-18 11:19:03,com.google.android.gm
2021-03-18 11:26:28,com.samsung.android.incallui
2021-03-18 11:27:34,com.google.android.gm
2021-03-18 11:29:24,com.whatsapp
2021-03-18 11:31:11,org.telegram.messenger
2021-03-18 11:31:31,com.whatsapp
2021-03-18 11:50:45,com.whatsapp
2021-03-18 11:55:01,com.samsung.android.calendar
2021-03-18 11:55:28,com.whatsapp
2021-03-18 12:16:24,com.whatsapp.w4b
2021-03-18 12:16:30,com.whatsapp.w4b
2021-03-18 12:16:40,com.whatsapp
2021-03-18 12:38:34,com.whatsapp
2021-03-18 12:39:06,com.android.systemui
2021-03-18 13:23:19,com.whatsapp
2021-03-18 13:45:33,com.whatsapp.w4b
2021-03-18 13:46:17,com.samsung.android.contacts
2021-03-18 13:46:22,com.whatsapp.w4b
2021-03-18 13:46:22,com.samsung.android.contacts
2021-03-18 13:46:28,com.whatsapp.w4b
2021-03-18 13:47:24,com.whatsapp
2021-03-18 13:52:08,com.whatsapp
2021-03-18 14:04:26,com.whatsapp
2021-03-18 14:06:37,com.twitter.android
2021-03-18 14:07:15,com.whatsapp
2021-03-18 14:07:41,com.twitter.android
2021-03-18 14:19:43,com.samsung.android.MtpApplication
2021-03-18 14:27:50,com.twitter.android
2021-03-18 14:31:06,com.whatsapp
2021-03-18 14:33:02,com.twitter.android
2021-03-18 14:40:48,com.whatsapp
2021-03-18 14:41:29,com.twitter.android
2021-03-18 14:43:31,com.whatsapp
2021-03-18 14:44:16,com.twitter.android
2021-03-18 14:46:08,com.whatsapp
2021-03-18 14:46:27,com.twitter.android
2021-03-18 14:47:27,com.whatsapp
2021-03-18 14:47:41,com.twitter.android
2021-03-18 14:48:53,com.whatsapp
2021-03-18 14:49:44,com.twitter.android
2021-03-18 14:50:52,com.whatsapp
2021-03-18 14:52:25,com.twitter.android
2021-03-18 14:53:14,com.whatsapp
2021-03-18 14:53:25,com.twitter.android
2021-03-18 14:54:04,com.whatsapp
2021-03-18 14:54:30,com.twitter.android
2021-03-18 14:55:31,com.whatsapp
2021-03-18 14:55:50,com.twitter.android
2021-03-18 14:57:54,com.whatsapp.w4b
2021-03-18 14:57:58,com.whatsapp
2021-03-18 14:58:27,com.inkitt.android.hermione
2021-03-18 15:03:08,com.whatsapp
2021-03-18 15:03:18,com.inkitt.android.hermione
2021-03-18 15:34:27,com.samsung.android.MtpApplication
2021-03-18 15:40:51,com.inkitt.android.hermione
2021-03-18 15:51:00,com.flutterwave.cmfb
2021-03-18 15:54:49,com.flutterwave.cmfb
2021-03-18 15:55:48,com.google.android.gm
2021-03-18 15:57:20,com.calea.echo
2021-03-18 15:58:24,com.whatsapp
2021-03-18 16:12:23,com.whatsapp
2021-03-18 16:40:03,com.whatsapp
2021-03-18 16:51:48,com.twitter.android
2021-03-18 16:58:43,com.whatsapp
2021-03-18 17:02:10,com.twitter.android
2021-03-18 17:03:54,com.whatsapp
2021-03-18 17:07:55,com.whatsapp
2021-03-18 17:08:46,com.lazygeniouz.saveit
2021-03-18 17:11:00,com.whatsapp
2021-03-18 17:13:25,com.calea.echo
2021-03-18 17:14:21,com.whatsapp
2021-03-18 17:14:52,com.whatsapp
2021-03-18 17:20:13,com.twitter.android
2021-03-18 17:21:38,com.calea.echo
2021-03-18 17:22:19,com.twitter.android
2021-03-18 17:25:50,com.whatsapp
2021-03-18 17:26:22,com.whatsapp
2021-03-18 17:27:36,com.whatsapp
2021-03-18 17:28:48,com.whatsapp
2021-03-18 17:33:08,com.whatsapp
2021-03-18 17:42:15,com.whatsapp
2021-03-18 17:46:28,com.whatsapp
2021-03-18 17:52:46,com.whatsapp
2021-03-18 17:57:26,com.whatsapp
2021-03-18 18:00:41,com.whatsapp
2021-03-18 18:09:49,com.whatsapp
2021-03-18 18:17:33,com.whatsapp
2021-03-18 18:18:22,com.whatsapp
2021-03-18 18:21:14,com.android.chrome
2021-03-18 18:22:51,com.whatsapp
2021-03-18 18:43:11,com.android.chrome
2021-03-18 18:48:36,com.whatsapp
2021-03-18 19:01:55,com.whatsapp
2021-03-18 19:02:23,com.whatsapp
2021-03-18 19:02:29,com.google.android.gm
2021-03-18 19:03:19,com.whatsapp
2021-03-18 19:06:23,com.whatsapp
2021-03-18 19:09:30,org.telegram.messenger
2021-03-18 19:12:03,com.whatsapp
2021-03-18 19:13:20,org.telegram.messenger
2021-03-18 19:15:00,org.telegram.messenger
2021-03-18 19:17:29,com.whatsapp
2021-03-18 19:29:28,com.whatsapp
2021-03-18 19:32:40,com.whatsapp
2021-03-18 19:32:53,com.whatsapp.w4b
2021-03-18 19:42:48,com.whatsapp
2021-03-18 19:47:12,com.whatsapp
2021-03-18 19:49:46,com.twitter.android
2021-03-18 19:50:29,com.whatsapp
2021-03-18 19:51:36,com.inkitt.android.hermione
2021-03-18 19:51:58,com.whatsapp
2021-03-18 19:52:13,com.inkitt.android.hermione
2021-03-18 19:52:29,com.whatsapp
2021-03-18 19:53:04,com.inkitt.android.hermione
2021-03-18 19:53:18,com.whatsapp
2021-03-18 19:53:56,com.inkitt.android.hermione
2021-03-18 19:55:57,com.whatsapp
2021-03-18 19:56:57,com.inkitt.android.hermione
2021-03-18 20:01:52,com.whatsapp
2021-03-18 20:02:01,com.inkitt.android.hermione
2021-03-18 20:02:44,com.whatsapp
2021-03-18 20:03:01,com.inkitt.android.hermione
2021-03-18 20:03:47,com.whatsapp
2021-03-18 20:04:13,com.inkitt.android.hermione
2021-03-18 20:05:21,com.whatsapp
2021-03-18 20:05:51,com.inkitt.android.hermione
2021-03-18 20:08:49,com.whatsapp
2021-03-18 20:09:04,com.inkitt.android.hermione
2021-03-18 20:12:04,com.whatsapp
2021-03-18 20:12:47,com.inkitt.android.hermione
2021-03-18 20:12:56,com.whatsapp
2021-03-18 20:16:35,com.inkitt.android.hermione
2021-03-18 20:16:54,com.whatsapp
2021-03-18 20:17:15,com.inkitt.android.hermione
2021-03-18 20:17:49,com.whatsapp
2021-03-18 20:19:17,com.inkitt.android.hermione
2021-03-18 20:19:47,com.whatsapp
2021-03-18 20:20:37,com.inkitt.android.hermione
2021-03-18 20:22:16,com.whatsapp
2021-03-18 20:22:35,com.inkitt.android.hermione
2021-03-18 20:24:52,com.whatsapp
2021-03-18 20:26:10,com.inkitt.android.hermione
2021-03-18 20:26:42,com.whatsapp
2021-03-18 20:27:14,com.inkitt.android.hermione
2021-03-18 20:27:44,com.whatsapp
2021-03-18 20:27:51,com.inkitt.android.hermione
2021-03-18 20:28:38,com.whatsapp
2021-03-18 20:29:07,com.inkitt.android.hermione
2021-03-18 20:30:38,com.whatsapp
2021-03-18 20:30:59,com.inkitt.android.hermione
2021-03-18 20:31:18,com.whatsapp
2021-03-18 20:40:07,com.inkitt.android.hermione
2021-03-18 20:42:01,com.whatsapp
2021-03-18 20:43:01,com.inkitt.android.hermione
2021-03-18 20:44:01,com.whatsapp
2021-03-18 20:47:44,com.inkitt.android.hermione
2021-03-18 20:47:49,com.whatsapp.w4b
2021-03-18 20:50:06,com.whatsapp
2021-03-18 20:50:22,com.whatsapp.w4b
2021-03-18 20:51:23,com.whatsapp
2021-03-18 20:51:25,com.whatsapp.w4b
2021-03-18 20:53:23,com.whatsapp
2021-03-18 20:53:26,com.whatsapp.w4b
2021-03-18 20:54:21,com.whatsapp
2021-03-18 20:55:19,com.whatsapp.w4b
2021-03-18 20:55:41,com.whatsapp
2021-03-18 20:58:12,com.whatsapp.w4b
2021-03-18 20:58:50,com.whatsapp
2021-03-18 20:59:11,com.whatsapp
2021-03-18 20:59:58,com.whatsapp.w4b
2021-03-18 21:00:40,com.sirma.mobile.bible.android
2021-03-18 21:00:54,com.whatsapp.w4b
2021-03-18 21:01:00,com.whatsapp
2021-03-18 21:01:09,com.inkitt.android.hermione
2021-03-18 21:01:34,com.whatsapp.w4b
2021-03-18 21:01:53,com.inkitt.android.hermione
2021-03-18 21:02:25,com.whatsapp
2021-03-18 21:02:41,com.inkitt.android.hermione
2021-03-18 21:03:08,com.whatsapp.w4b
2021-03-18 21:03:30,com.inkitt.android.hermione
2021-03-18 21:05:13,com.whatsapp.w4b
2021-03-18 21:05:22,com.whatsapp
2021-03-18 21:05:45,com.whatsapp.w4b
2021-03-18 21:05:47,com.inkitt.android.hermione
2021-03-18 21:06:22,com.whatsapp
2021-03-18 21:06:40,com.inkitt.android.hermione
2021-03-18 21:07:20,com.whatsapp
2021-03-18 21:08:48,com.inkitt.android.hermione
2021-03-18 21:17:36,com.whatsapp
2021-03-18 21:42:50,com.whatsapp
2021-03-18 21:42:56,com.calea.echo
2021-03-18 21:43:14,com.whatsapp
2021-03-18 21:44:46,com.whatsapp
2021-03-18 21:55:19,com.whatsapp
2021-03-18 22:23:28,com.whatsapp
2021-03-18 22:51:43,com.allfootball.news
2021-03-18 22:53:32,com.android.chrome
2021-03-19 04:50:59,com.whatsapp.w4b
2021-03-19 04:51:50,com.whatsapp
2021-03-19 04:55:10,com.whatsapp
2021-03-19 04:57:39,com.android.chrome
2021-03-19 06:51:18,com.whatsapp
2021-03-19 06:55:40,com.whatsapp
2021-03-19 08:06:32,com.whatsapp
2021-03-19 08:09:28,com.google.android.gm
2021-03-19 08:50:21,com.whatsapp
2021-03-19 08:54:52,org.telegram.messenger
2021-03-19 09:02:54,com.whatsapp
2021-03-19 09:06:06,com.google.android.gm
2021-03-19 09:07:36,org.telegram.messenger
2021-03-19 09:08:23,org.telegram.messenger
2021-03-19 09:22:14,com.google.android.googlequicksearchbox
2021-03-19 09:28:13,com.android.chrome
2021-03-19 09:32:11,com.google.android.googlequicksearchbox
2021-03-19 09:32:35,com.whatsapp
2021-03-19 09:36:52,com.google.android.googlequicksearchbox
2021-03-19 09:37:05,com.android.chrome
2021-03-19 09:42:50,com.google.android.googlequicksearchbox
2021-03-19 09:43:13,com.whatsapp
2021-03-19 09:52:35,org.telegram.messenger
2021-03-19 09:53:18,com.google.android.googlequicksearchbox
2021-03-19 09:54:10,org.telegram.messenger
2021-03-19 09:54:18,com.twitter.android
2021-03-19 09:54:25,org.telegram.messenger
2021-03-19 09:54:56,com.twitter.android
2021-03-19 09:56:39,org.telegram.messenger
2021-03-19 09:56:52,com.twitter.android
2021-03-19 09:57:00,org.telegram.messenger
2021-03-19 09:57:17,com.twitter.android
2021-03-19 09:58:24,org.telegram.messenger
2021-03-19 09:58:58,com.twitter.android
2021-03-19 09:59:59,org.telegram.messenger
2021-03-19 10:02:41,com.twitter.android
2021-03-19 10:09:22,org.telegram.messenger
2021-03-19 10:10:23,com.twitter.android
2021-03-19 10:17:34,com.whatsapp
2021-03-19 10:20:11,com.whatsapp
2021-03-19 10:27:04,org.telegram.messenger
2021-03-19 10:28:06,com.samsung.android.weather
2021-03-19 10:28:38,com.whatsapp
2021-03-19 10:29:09,com.whatsapp.w4b
2021-03-19 10:29:52,com.calea.echo
2021-03-19 10:29:56,com.whatsapp.w4b
2021-03-19 10:32:10,org.telegram.messenger
2021-03-19 10:32:56,org.telegram.messenger
2021-03-19 10:37:01,com.whatsapp
2021-03-19 10:43:35,org.telegram.messenger
2021-03-19 10:48:14,org.telegram.messenger
2021-03-19 10:50:42,org.telegram.messenger
2021-03-19 10:51:54,org.telegram.messenger
2021-03-19 10:57:30,com.sec.android.gallery3d
2021-03-19 10:57:51,com.google.android.gm
2021-03-19 11:07:44,org.telegram.messenger
2021-03-19 11:09:29,com.whatsapp.w4b
2021-03-19 11:11:50,org.telegram.messenger
2021-03-19 11:17:07,com.whatsapp
2021-03-19 11:17:36,com.whatsapp.w4b
2021-03-19 11:19:30,com.whatsapp.w4b
2021-03-19 11:25:08,org.telegram.messenger
2021-03-19 11:27:39,org.telegram.messenger
2021-03-19 11:28:42,org.telegram.messenger
2021-03-19 11:34:57,com.whatsapp
2021-03-19 11:35:24,org.telegram.messenger
2021-03-19 11:35:33,com.whatsapp.w4b
2021-03-19 11:35:46,android
2021-03-19 11:35:50,org.telegram.messenger
2021-03-19 11:35:58,com.whatsapp.w4b
2021-03-19 11:37:22,org.telegram.messenger
2021-03-19 11:37:50,com.whatsapp
2021-03-19 11:44:30,com.whatsapp
2021-03-19 11:44:55,com.whatsapp
2021-03-19 11:46:29,com.twitter.android
2021-03-19 11:47:18,com.whatsapp
2021-03-19 11:47:55,com.twitter.android
2021-03-19 11:48:12,com.sec.android.app.myfiles
2021-03-19 11:48:37,android
2021-03-19 11:48:41,com.whatsapp
